src	trg	nij	score	sdev_cij
401	326376	1	0.9937515020427782	
401	1707752	1	0.9912391239123912	
3341	27520	1	0.906359510541736	
3341	56489	1	0.928937846046532	
3341	117914	4	0.8648851797995125	
3341	157189	1	0.961461165622414	
3341	157594	2	0.8458628841607565	
3341	247991	2	0.8354616793998686	
3341	387851	6	0.7884329070433289	
3341	740448	2	0.9198426358495204	
3341	760455	3	0.8292770320553458	
3341	1012519	6	0.7462467631278326	
3341	1392712	2	0.8627522523786803	
3341	1707752	4	0.8354616793998686	
3341	2499232	3	0.8210953792119416	
4015	16228	2	0.9335178441369264	
4015	74273	3	0.8306477935666573	
4015	914234	1	0.928937846046532	
4015	1297439	7	0.854872485901083	
4483	16712	1	0.9743860536375673	
4483	316074	1	0.9552779660018266	
4483	1599156	1	0.9942307692307693	
13538	38862	3	0.8646188424798652	
13538	365625	2	0.8836217600771976	
16228	33894	1	0.9159353348729792	
16228	38417	1	0.9586825640420258	
16228	38862	1	0.9159353348729792	
16228	40110	1	0.987422890339582	
16228	74273	4	0.9764439613454636	
16228	94019	3	0.982989064398542	
16228	99571	1	0.9782997496124956	
16228	220035	2	0.8315487360635831	
16228	365625	2	0.975414471530196	
16228	2499232	1	0.903625516291877	
16228	4435599	2	0.9522296740793036	
16712	38417	5	0.917097547589474	
16712	38885	6	0.7737273583708049	
16712	40110	1	0.8781712959687575	
16712	94019	5	0.8997730050637331	
16712	99571	3	0.927751904960158	
16712	365625	3	0.8432398154019913	
16712	740448	2	0.8630398472918158	
16712	2499232	7	0.8619683537201211	
27520	40716	1	0.9494771472212432	
27520	109366	1	0.9483325504931892	
27520	157594	1	0.9598393574297188	
27520	287559	1	0.9454769302925484	
27520	396475	1	0.9313234780584332	
27520	1297439	1	0.8740611057773762	
27520	2791034	1	0.9330110094949612	
27520	3320772	1	0.9540690142503828	
27520	4869766	1	0.9714828897338404	
32147	99571	1	0.9984342065642878	
32147	489715	1	0.9791256635056956	
33894	38862	2	0.8493089612126616	
33894	74273	2	0.8373290515475333	
33894	76720	5	0.9292574591288576	
33894	121163	3	0.8142586382854643	
33894	365625	2	0.9116308543118844	
38417	38885	4	0.9354772858173972	
38417	40110	1	0.9776513006942996	
38417	40716	1	0.8783041829399444	
38417	94019	4	0.9772830531576556	
38417	96207	1	0.9572384912560088	
38417	99571	5	0.9921954733745572	
38417	121163	2	0.8624908794971096	
38417	132551	1	0.947189297030865	
38417	328477	2	0.8710232158211522	
38417	365625	2	0.9565172530695872	
38417	472460	2	0.8348147021826576	
38417	489715	3	0.8384148030507286	
38417	740448	1	0.95004995004995	
38417	2499232	3	0.9414930961853498	
38862	74273	3	0.8885305611412528	
38862	365625	3	0.9402065874098616	
38862	760455	3	0.8875995449374289	
38862	3519131	1	0.9721859027695232	
38862	7418168	2	0.8751200768491835	
38862	12736460	2	0.8573827381618717	
38885	40110	1	0.9230691218869072	
38885	94019	7	0.9545746182471448	
38885	99571	3	0.9548172366056964	
38885	365625	2	0.854126652651576	
38885	1533658	1	0.9429993412866868	
38885	2499232	4	0.8518373838555763	
39343	247991	1	0.8859099498458435	
39343	262995	3	0.9234871319267332	
39343	468181	9	0.9897400365094804	
39343	537044	2	0.9594053998199076	
39343	865894	2	0.9625922256886432	
39343	1392712	1	0.9052649710053396	
39343	1525304	2	0.992569296935398	
39343	1598223	1	0.980306737482843	
39343	1859909	2	0.8734659600143965	
39343	1883733	1	0.9327295494918314	
39343	3372262	3	0.9535896857246584	
40110	94019	1	0.972801450589302	
40110	99571	1	0.9883160070703136	
40110	365625	1	0.9736814714585224	
40110	435659	2	0.9486900925633668	
40110	489732	1	0.8995391968860013	
40110	1018058	1	0.9003550566945367	
40110	1032769	1	0.8954703832752613	
40110	2499232	1	0.947189297030865	
40716	56316	1	0.9014439605775842	
40716	89814	3	0.8314981924552253	
40716	96207	1	0.9275652754784932	
40716	200321	1	0.9203703703703704	
40716	203906	2	0.8446315906501014	
40716	247991	2	0.90967816191175	
40716	262995	4	0.9108603017390304	
40716	396477	2	0.83041217921315	
40716	435659	5	0.8861082534287452	
40716	527548	9	0.9908276450511946	
40716	1599156	2	0.9203703703703704	
40716	1736469	1	0.8828869723104857	
40716	2499232	2	0.8557208365954592	
40716	2791034	2	0.8613156086548035	
56316	200321	1	0.9621570482497634	
56316	257293	2	0.9880182123172776	
56316	257976	1	0.9080036798528058	
56316	464765	4	0.98950807877934	
56316	468883	2	0.8392639396962642	
56316	537021	1	0.9003550566945367	
56316	537044	1	0.9414930961853498	
56316	1736469	1	0.943767572633552	
56316	2499232	2	0.9302000930665426	
56316	3320772	1	0.9102003223578172	
56489	89814	2	0.9529908556547072	
56489	217355	1	0.945904739565772	
56489	262995	1	0.9369600747139856	
56489	308262	1	0.9302000930665426	
56489	316075	2	0.955580437713166	
56489	489732	1	0.8995391968860013	
56489	537021	2	0.980528345804642	
56489	2644206	1	0.928937846046532	
59765	539935	9	0.8984585068175317	
59765	606202	4	0.9087513436366448	
59765	640070	3	0.9926440784831788	
59765	689274	5	0.977227091538512	
59765	689281	1	0.9111079115974372	
59765	692592	5	0.8897763350844973	
59765	743091	4	0.9450706856822568	
59765	1448416	3	0.9138082673702728	
59765	1825984	2	0.9064005802388458	
59765	1912200	1	0.9274253270797334	
59765	2088309	3	0.9084151654134256	
59765	2126791	2	0.9111079115974372	
59765	2127584	2	0.9205926611876376	
63078	4362623	2	0.8119966145193437	
69009	250441	12	0.6472164999627709	
69009	257957	6	0.7348616538798343	
69009	373253	4	0.7683514960965603	
69009	2088553	1	0.8715772256845549	
74273	76720	3	0.875464500176616	
74273	94019	4	0.9493840985442328	
74273	4435599	3	0.8764631594820275	
76720	471802	6	0.7568710499321664	
76720	3519131	1	0.9687634416576436	
88747	431736	4	0.815609045490762	
88747	493503	19	0.7626403149568877	
88747	522462	13	0.6665246965267536	
88747	605570	6	0.8857625890592924	
88747	715957	15	0.7403556862422883	
89814	247991	4	0.8893392308759843	
89814	257958	5	0.7949231110413951	
89814	262995	5	0.8307807741536832	
89814	287559	5	0.8873365202232908	
89814	316075	10	0.8788013469347893	
89814	464765	2	0.8936450984727978	
89814	535750	4	0.7889973482308623	
89814	1297439	5	0.749569646147641	
89814	1599156	3	0.871841155234657	
89814	3088584	1	0.9684130915130574	
89814	9715729	1	0.9872443632661616	
94019	99571	3	0.98419452887538	
94019	365625	2	0.9472035794183444	
94019	672029	1	0.8954703832752613	
94019	740448	1	0.9393939393939394	
94019	2499232	3	0.9290780141843972	
95459	285231	24	0.8794344818797744	
95459	312967	3	0.8913291283532183	
95459	640070	1	0.8889964137302897	
95459	692574	4	0.772578555880507	
95459	727951	26	0.9615771117810488	
95459	743091	5	0.7859103385178409	
95459	752898	2	0.906633341951794	
95459	1285803	5	0.8228960667985058	
95459	1396117	2	0.8889964137302897	
95459	1398367	1	0.9030796581980846	
95459	2046112	21	0.9444997865376406	
95459	2232743	17	0.9637963684972708	
95459	2872300	1	0.8751200768491835	
95459	3170159	1	0.8889964137302897	
95459	3736531	10	0.957815864774772	
95459	3738699	5	0.936281946551523	
95459	3792345	2	0.9030796581980846	
95459	3852054	2	0.8648458793447413	
95459	3857298	2	0.8379905286770611	
95459	4276216	1	0.9246027143022852	
95459	4310416	17	0.9336073131356064	
96207	203906	1	0.8924976474949385	
96207	396477	1	0.8823796355385379	
96207	431736	1	0.9513973625792036	
96207	605570	1	0.9564019042846404	
99571	365625	2	0.9771505176137631	
99571	740448	1	0.9737108190091	
99571	2499232	3	0.969143128412058	
109366	287559	2	0.8838489923360772	
109366	537044	1	0.8756500113045443	
109366	760457	5	0.9554047046622354	
109366	1598223	1	0.9686758424299952	
109366	4001024	1	0.9790076335877864	
117914	148640	1	0.9964503805312396	
117914	157189	1	0.9719515093891132	
117914	200321	6	0.9812131826142334	
117914	247991	11	0.976676747957794	
117914	257293	2	0.9650618819210044	
117914	273097	5	0.8647306075659151	
117914	740448	3	0.9604954804151322	
117914	865894	2	0.9214267102863264	
117914	914234	1	0.9480466112888548	
117914	1392712	2	0.8987240373061738	
117914	1533658	1	0.9616350900008868	
117914	1707752	4	0.8781181464449948	
121163	396477	4	0.8090085178875639	
121163	444513	1	0.92605490742353	
121163	1270023	4	0.7910673323438132	
132551	157189	1	0.9913586173787806	
132551	272410	4	0.9857281771261874	
132551	489732	5	0.9504855053722993	
132551	751352	1	0.9088817303267372	
132551	1544699	4	0.9233199061060074	
132551	1592447	1	0.9924347042930052	
132551	2425531	1	0.9010082493125572	
132551	2627197	2	0.8956328011196482	
132551	2644206	2	0.915327118986465	
132551	2719102	2	0.9074004885759448	
132551	12736460	1	0.8990500171683644	
157189	220035	1	0.9001374255611544	
157189	247991	1	0.9825546660293942	
157189	740448	1	0.9918367346938776	
157189	751352	1	0.9790076335877864	
157189	1544699	1	0.9315483119906868	
157594	435659	3	0.8525782980069598	
157594	527548	1	0.9365079365079364	
157594	4869766	1	0.90625	
169958	230853	16	0.8924925882922196	
169958	532042	3	0.8100528186619879	
169958	707598	8	0.8661535081938403	
169958	709639	13	0.7977662943823971	
169958	758950	3	0.8439482482380507	
169958	762783	8	0.7647719680778576	
169958	924384	18	0.8022307928464371	
169958	1060594	5	0.97393975986033	
186119	532042	1	0.9561424192407452	
186119	537044	1	0.9644802273265451	
186119	707368	2	0.8771354225591129	
186119	731066	1	0.996390326073878	
186119	762784	2	0.952344531387892	
186119	762840	1	0.90625	
186119	874331	1	0.9499353625572924	
186119	930327	1	0.9679753291424504	
186119	1018058	2	0.919481721425266	
186119	1069076	1	0.9506230895838232	
186119	1295287	2	0.9881373195135102	
186119	1345015	1	0.9308739671825904	
186119	1589669	1	0.9707803777170684	
186531	203916	33	0.6502847119086209	
186531	250436	45	0.5291602152916022	
186531	539937	17	0.8141759833802585	
186531	652254	27	0.6542647767493645	
186531	1069076	5	0.7693415089309518	
200321	257293	4	0.9951899951899952	
200321	275907	2	0.8820326678765881	
200321	537044	1	0.9529190207156308	
200321	2499232	1	0.8906107566089335	
203906	387851	5	0.7965945697192821	
203906	396235	5	0.7503956113514083	
203906	1544699	6	0.824850834501911	
203906	1707752	3	0.8259386291520698	
203906	2627197	4	0.819161110387786	
203906	2644206	3	0.8076207250310948	
203906	3372262	2	0.8446315906501014	
203906	3706714	2	0.8802997464337823	
203906	5561068	4	0.8496439669467553	
203906	7203000	1	0.8924976474949385	
203906	8046764	2	0.8479701509160773	
203916	1270023	15	0.7870035129036832	
217355	870303	2	0.8381814279086837	
220035	272410	3	0.7920184328479111	
220035	287559	9	0.8728623835951462	
220035	377590	25	0.7620097445765527	
220035	472460	12	0.7685949679109947	
220035	489717	13	0.8529867831570085	
220035	489732	13	0.7885092163414897	
220035	1544699	19	0.8154531895166631	
220035	2627197	8	0.7142377456203225	
220035	2696987	9	0.6986946506270796	
220035	4424071	8	0.9226373690042512	
220035	5134104	3	0.8278831500284597	
220035	5263640	7	0.8036463024505389	
230853	275907	5	0.7540039114118082	
230853	709639	10	0.8558453760458146	
230853	727933	4	0.7867577526879911	
230853	1060594	1	0.9322512555498944	
230853	1069076	4	0.9098567636204056	
230853	1252133	4	0.8162984653909046	
234846	239257	3	0.972439891820136	
234846	262995	5	0.9112565083168226	
234846	316085	3	0.9165716100899548	
234846	326376	2	0.8452983373185786	
234846	558507	1	0.9284894448560926	
234846	914234	1	0.9527753666897152	
234846	1191739	4	0.985594507064376	
234846	1295287	1	0.8989685117097527	
234846	1599156	3	0.9334990677439404	
234846	1679804	1	0.9967807446408424	
234846	1707752	4	0.888848570229176	
234846	1923647	2	0.9871848613689442	
237981	285231	51	0.8259420767158626	
237981	315703	21	0.7513667159046714	
237981	672029	10	0.8618116531545431	
239257	258050	2	0.960447221114508	
239257	272410	1	0.959318631358309	
239257	308262	1	0.8820326678765881	
239257	361945	1	0.9729480662326466	
239257	558507	1	0.9821401905444554	
239257	667866	1	0.949591680864814	
239257	760455	1	0.9144983557376104	
239257	855152	1	0.9653528384020847	
239257	1533658	1	0.9914183694902032	
239257	1599156	2	0.9752380952380952	
239257	1923647	2	0.9968708629197256	
239257	2515504	1	0.9488474526501248	
239257	3156119	1	0.9929731839884688	
239257	3489161	1	0.9585669598064096	
239257	7203000	1	0.9775334465599952	
247991	262995	3	0.8997023128005496	
247991	272410	1	0.8898301465039794	
247991	273097	4	0.8937666747513946	
247991	287559	2	0.9026841067908976	
247991	740448	6	0.987611370386084	
247991	1191739	1	0.9611713601843918	
247991	1392712	1	0.8761802453779614	
247991	1599156	2	0.9319981369352583	
250428	692587	21	0.5858677749426092	
250428	1640133	11	0.6742050628760263	
250431	715957	24	0.7394008753614579	
250432	426630	32	0.7895912998488294	
250432	444513	1	0.8977739016055931	
250432	453030	14	0.7178253928489883	
250432	2088553	1	0.9128154136584382	
250441	535750	6	0.735973424707698	
251799	252162	21	0.9974317817014446	
251799	405691	2	0.9284053928405392	
251799	468181	1	0.9097605893186004	
251799	537021	6	0.9758261387317654	
251799	1001887	3	0.9484850857277068	
251799	6298973	1	0.9949501022003128	
252162	405691	1	0.9185938945420906	
252162	468181	1	0.9474178403755869	
252162	537021	4	0.9792437075032804	
252162	1521273	1	0.9932724651609804	
252162	6298973	2	0.9985545651650204	
256131	272366	6	0.987522085907943	
256131	278379	1	0.98060222626757	
256131	309935	3	0.998494384052516	
256131	365625	1	0.9148850226492398	
256131	537021	4	0.9677565209656736	
256131	692229	4	0.9924945210003302	
256131	1297439	2	0.845016193375311	
256131	1589669	1	0.9400742494665146	
256131	2800299	2	0.986530575593403	
256131	2986742	1	0.9732413629065826	
256131	4239619	1	0.98950807877934	
256131	5558620	5	0.986530575593403	
257293	464765	2	0.98950807877934	
257293	537044	1	0.9703123144519652	
257293	568481	1	0.947189297030865	
257293	930327	1	0.9732413629065826	
257293	3320772	1	0.9540690142503828	
257747	1069076	9	0.7952878023269444	
257747	1252133	18	0.782257450912818	
257957	257958	11	0.9307973668829194	
257957	257976	2	0.8372273280921271	
257957	272991	10	0.8986507072594038	
257957	277227	4	0.7970080552359033	
257957	373253	3	0.8832075364621759	
257957	396235	9	0.8355674380012906	
257957	537021	3	0.8792881312738032	
257957	751352	4	0.9070716358725324	
257957	2800299	2	0.9609106085003914	
257957	3652537	1	0.9609106085003914	
257957	13256076	1	0.9524306832389496	
257958	257976	3	0.8665066746662666	
257958	272991	12	0.8977784238080146	
257958	275907	6	0.7917604074800669	
257958	316075	6	0.8351191052245925	
257958	396235	14	0.86962645782861	
257958	751352	5	0.9098485197292692	
257958	771237	5	0.8593705349388409	
257976	308262	3	0.8791905768649955	
257976	361945	1	0.9190377052972472	
257976	751352	2	0.8992673992673993	
257976	771237	5	0.9342504080205176	
257976	1736469	1	0.8906107566089335	
257976	1883733	1	0.903625516291877	
257976	2950045	2	0.9025341130604289	
258050	273097	7	0.9134574989497268	
258050	308262	5	0.9053743683968764	
258050	361945	4	0.973204696053546	
258050	387851	4	0.7983531985950366	
258050	494585	2	0.8506497127879092	
258050	558507	1	0.9310706024411888	
258050	899263	2	0.8296300380437779	
258050	1589669	1	0.880353019506736	
258050	1883733	1	0.8776133759583559	
258050	1978034	4	0.9777470675224148	
258050	2515504	6	0.9659301570688382	
258050	7203000	2	0.9559838789298792	
262995	316085	3	0.8893190617171487	
262995	558507	2	0.9513113018934494	
262995	865894	3	0.9356042930471302	
262995	914234	5	0.9870658682634732	
262995	1191739	1	0.9248259860788864	
262995	1599156	3	0.911520737327189	
262995	3372262	2	0.8293274531422271	
264031	1444690	3	0.9980732177263968	
264031	3175199	3	0.999638445314854	
271486	278379	1	0.9638408048527888	
271486	606202	6	0.8847673906766946	
271486	692574	2	0.8302102723198896	
271486	692592	14	0.9231487288389932	
271486	762783	3	0.8195975215221802	
271486	762839	4	0.8972178350139716	
271486	906023	2	0.9929432608140776	
271486	930327	1	0.8801665769568544	
271486	1215329	4	0.9132841328413284	
271486	1285803	2	0.8385506122222838	
271486	1703828	4	0.846967314622845	
271486	1926904	4	0.9700052687429966	
271486	2126791	4	0.9145811997865252	
271486	2780728	1	0.9887330696392184	
271486	3094897	1	0.8776664969161998	
271486	3117107	2	0.932926562886808	
272366	277227	5	0.9403578528827038	
272366	278379	1	0.98060222626757	
272366	537021	1	0.8769761588280213	
272366	667866	1	0.9052649710053396	
272366	692229	4	0.9924945210003302	
272366	855152	1	0.9344195400623744	
272366	1001887	3	0.9538772546171812	
272366	1589669	4	0.9846741576393716	
272366	2800299	1	0.9732413629065826	
272366	3652537	1	0.986530575593403	
272366	4199789	2	0.9902538497293568	
272366	4239619	1	0.98950807877934	
272366	5412812	1	0.9954899425719356	
272366	5514818	2	0.9924945210003302	
272366	9829798	1	0.9954899425719356	
272366	13256076	2	0.9917470702099244	
272366	14431223	1	0.9910001799964	
272410	287559	2	0.9283913848835942	
272410	489717	2	0.8820193255208887	
272410	489732	2	0.8291005801375243	
272410	1392712	1	0.9085523667107608	
272410	1599156	1	0.9027522935779816	
272410	1923647	1	0.9873038687267937	
272410	2425531	2	0.926166705363362	
272410	3706714	1	0.9013077793534156	
272410	12736460	2	0.9246864351482637	
272991	373253	4	0.8582928502428986	
272991	396235	11	0.7854560928963085	
272991	444513	1	0.9098430238413836	
272991	568481	4	0.8489354441047213	
272991	751352	6	0.8988689034276232	
273097	308262	4	0.7810218978102189	
273097	361945	4	0.9476178598154154	
273097	464765	2	0.8979095770539621	
273097	568464	12	0.6878512753999135	
273097	899263	7	0.899888765294772	
273097	1978034	7	0.9748518572047984	
273097	2515504	5	0.920881716197599	
273097	2950045	3	0.8397737983034873	
273097	3088584	1	0.9697275479313824	
273097	3489161	3	0.8951456310679612	
273097	4362623	2	0.966750629722922	
273097	4674688	2	0.8363123236124177	
273097	7203000	2	0.9146640510053948	
275907	289759	8	0.9456908114129916	
275907	1402353	1	0.946618173285622	
275907	4001024	2	0.969143128412058	
277227	373253	3	0.8415094339622642	
277227	468181	5	0.9334389857369256	
277227	537021	8	0.9353079687693644	
277227	855152	2	0.8706276952563489	
277227	1001887	5	0.8907400232468036	
277227	1589669	6	0.9588559959859508	
277227	2800299	2	0.946161515453639	
277227	3652537	1	0.946161515453639	
277227	13256076	1	0.9345887016848364	
278379	405691	3	0.9885741680316408	
278379	692229	1	0.9921954733745572	
278379	906023	1	0.9980431412099408	
278379	1444690	1	0.9875419262098706	
278379	2800299	2	0.996480409114838	
278379	4239619	1	0.9972614694774222	
285231	1043554	11	0.7116042656000713	
285231	1297439	9	0.7441014028740742	
287559	464765	1	0.906496416414116	
287559	472460	7	0.9086817460040304	
287559	489732	5	0.8769124609023704	
287559	740448	2	0.953465098824118	
287559	3320772	8	0.9730433780876184	
287559	4424071	3	0.9552491640520276	
287559	4674688	2	0.921899659740824	
289759	444513	1	0.9779165238641612	
289759	484007	2	0.9271734711655728	
289759	527548	1	0.9465039887376818	
289759	1402353	1	0.9880479877783936	
304789	522462	2	0.9464754446937368	
304789	527548	1	0.9904030710172744	
304789	537044	1	0.98504516360591	
304789	568481	1	0.9732413629065826	
304789	689305	2	0.8686525980882125	
304789	692602	1	0.87115509317996	
304789	793732	1	0.9126775987780628	
304789	1815467	1	0.9636083907807924	
308262	316075	4	0.7838942049242017	
308262	361945	3	0.9452868532124432	
308262	387851	5	0.7553956834532375	
308262	558507	1	0.8949291914116034	
308262	667866	2	0.8526127735596248	
308262	771237	3	0.7964486790818536	
308262	855152	3	0.9302000930665426	
308262	1032769	7	0.8449612403100776	
308262	1883733	2	0.903625516291877	
308262	2791034	3	0.8308077092835074	
308262	3489161	2	0.8777727478497058	
312967	525608	1	0.9881373195135102	
312967	727966	1	0.9271734711655728	
312967	752898	1	0.967391948775716	
312967	1396117	1	0.9609975180238742	
312967	2425462	3	0.975983009467855	
312967	2872300	1	0.977710233029382	
312967	2986738	5	0.9655973084395584	
312967	3029220	1	0.8968789299188293	
312967	3170159	1	0.980306737482843	
312967	3736531	2	0.9641895291367012	
312967	3738379	2	0.9559118236472944	
312967	3738699	3	0.9816075480711812	
312967	3792345	1	0.9661097286408342	
312967	3857274	2	0.9855202536947286	
312967	3857298	1	0.942061216129221	
312967	4310416	6	0.9676058147463708	
315703	707382	10	0.8652153690283978	
315703	1402353	1	0.9504224524281832	
316074	568458	12	0.7080758795963669	
316074	568464	25	0.6390948624175858	
316074	727929	24	0.7750141247187593	
316074	727944	3	0.960148066472395	
316074	1039202	2	0.8715772256845549	
316074	1292568	3	0.91251224713273	
316074	1521273	1	0.898669718209126	
316074	1805807	2	0.9336586787093016	
316074	1815467	13	0.8654345518268755	
316074	3519131	2	0.9336586787093016	
316075	435659	6	0.7895339979911963	
316075	771237	9	0.909403455269934	
316075	1297439	6	0.7976529859084354	
316075	4869766	2	0.8644791549612316	
316077	606202	20	0.7913295901504943	
316077	692587	13	0.6861508515434683	
316077	707372	20	0.6621045276620895	
316077	762948	1	0.8975839885632595	
316077	1018058	12	0.7037094082916185	
316077	1023799	9	0.9342691990090836	
316077	1640133	6	0.7279845864441421	
316077	1703828	47	0.9142692499587296	
316085	361945	1	0.9180671358178114	
316085	489713	3	0.9316326382117962	
316085	568464	6	0.7438875385929186	
316085	760457	5	0.958879122565716	
316085	914234	2	0.9818590380064351	
316085	1012519	4	0.8045386725215565	
316085	1736469	1	0.8893190617171487	
316085	2950045	2	0.9013758675270912	
326376	328477	3	0.825503355704698	
326376	435659	4	0.8327120094993511	
326376	1001887	2	0.8628045357583922	
359803	373253	2	0.9221501390176088	
359803	489720	3	0.8911854103343465	
359803	762840	2	0.8769230769230769	
359803	1703828	3	0.8600896860986548	
359803	2088553	1	0.9790076335877864	
361945	387851	2	0.8583839105081519	
361945	494585	1	0.8960118843560736	
361945	558507	1	0.9760320366814048	
361945	667866	1	0.9327295494918314	
361945	760455	1	0.8865800619687882	
361945	855152	1	0.9536376079949368	
361945	865894	1	0.9526317337962282	
361945	1883733	1	0.9566614581797812	
361945	2515504	3	0.9767186732125748	
361945	2791034	2	0.9411381899810618	
361945	3489161	1	0.9446218758240792	
361945	7203000	2	0.9848225433828532	
365625	740448	1	0.9413227250124316	
365625	2499232	2	0.8987240373061738	
373253	405691	2	0.894496460379082	
373253	426630	8	0.7487813232852889	
373253	568481	2	0.8922278610936877	
373253	2088553	1	0.9725375973369792	
377590	387851	19	0.7892273922377403	
377590	489717	10	0.7831800509955963	
377590	1012519	21	0.7684681746836375	
377590	1544699	21	0.8043608286661954	
377590	1622094	7	0.7587183331061949	
377590	1707752	10	0.7968280440326834	
377590	2488562	1	0.9545869533205712	
377590	2627197	19	0.8471553480686778	
377590	2644206	11	0.7941044198419818	
377590	2696987	18	0.810686564720968	
377590	2719102	10	0.7564967460029695	
377590	4424071	5	0.8589122360836465	
377590	4435599	14	0.8793983672742867	
377590	4674688	4	0.7980791373728343	
377590	5134104	3	0.8001681690370063	
377590	5263640	9	0.8184785123665015	
377590	8046764	8	0.849592419703198	
387851	489732	7	0.7458634127643263	
387851	1012519	20	0.8565059739642157	
387851	1544699	10	0.7730142149961398	
387851	2627197	9	0.8211314691476403	
387851	3706714	3	0.8275727549348522	
387851	9939589	1	0.9742098609355246	
396235	751352	7	0.8709968425800632	
396475	464765	1	0.8828335555618599	
396475	537021	2	0.8564215885092517	
396475	1521273	1	0.975414471530196	
396475	1805807	2	0.984125323248479	
396477	489720	7	0.8955593229329237	
396477	1270023	4	0.8431331708705644	
401513	1640133	6	0.7515273874087856	
405691	468181	2	0.9284053928405392	
405691	537021	2	0.8909339563507892	
405691	568481	2	0.887384825389603	
405691	1444690	1	0.9185938945420906	
426630	453030	28	0.5733378939686162	
426630	568464	34	0.5497553645356871	
426630	771237	14	0.7577933748273709	
426633	521401	28	0.7838942049242017	
426633	562336	15	0.6636586050615649	
426633	602426	14	0.6865216507420208	
426633	684846	13	0.7697988119071844	
426633	906023	1	0.9506230895838232	
431736	493503	7	0.9156232797775024	
431736	605570	5	0.9826316591336144	
431736	689305	8	0.8179122619302376	
431736	692602	4	0.8212890323510141	
444513	568481	1	0.9653528384020847	
462449	731066	1	0.8669442178401643	
464765	537021	1	0.9122642732629336	
464765	1525304	1	0.9905523146829028	
464765	1599156	2	0.9668089141773352	
464765	1805807	1	0.9905523146829028	
464765	1978034	1	0.9698737070180906	
464765	3320772	2	0.9596946835368284	
464793	758954	5	0.7908740117110553	
465093	14431223	1	0.8636938024767628	
468181	689281	1	0.8990500171683644	
468181	870303	2	0.9229298255780264	
468181	1444690	2	0.9733587059942912	
468883	561541	26	0.7085525253995459	
468883	652254	19	0.755361473120944	
468883	1032769	9	0.7881665449233016	
471802	885955	14	0.8167352800570155	
471802	1805807	1	0.8799269194272522	
472460	489732	13	0.8782510258950049	
472460	727944	1	0.9439953134153486	
472460	776433	1	0.9372144952494929	
472460	1592447	1	0.950823768022222	
472460	2780728	1	0.9716000237656705	
484007	707598	2	0.8606111578357163	
484007	762784	2	0.8357028267964817	
484007	762797	3	0.8316161318810715	
484007	1444690	1	0.9185938945420906	
489713	489717	15	0.972930471204811	
489713	489732	3	0.814473576291112	
489713	740448	1	0.9146640510053948	
489713	899263	2	0.8541655025982008	
489713	1533658	1	0.9715707389528409	
489713	1622094	2	0.8496697416459965	
489713	2425531	2	0.8816058063052846	
489713	2515504	2	0.9158661999783496	
489713	2644206	3	0.8670229973978479	
489713	2696987	5	0.8802145157954677	
489713	2791034	3	0.9043082794140854	
489713	4424071	2	0.9377659690946648	
489713	4435599	2	0.8586831713669588	
489713	4674688	6	0.974973589846598	
489713	5134104	1	0.893280463278609	
489715	760457	4	0.7963271216488707	
489715	1402353	1	0.9287976982766136	
489717	489732	6	0.8310686843884069	
489717	537021	3	0.8716036152902525	
489717	558507	1	0.896797610711785	
489717	1012519	7	0.7857627457424502	
489717	1525304	1	0.9583069001637629	
489717	1533658	1	0.9492767457228872	
489717	1544699	8	0.8400352104134104	
489717	1592447	1	0.967421109579498	
489717	1622094	4	0.8633536884958237	
489717	2425531	3	0.8592559390407889	
489717	2515504	2	0.85314299675404	
489717	2696987	6	0.8251393921060411	
489717	3706714	2	0.8572138154903072	
489717	4424071	5	0.9546848170869988	
489717	4674688	2	0.8716036152902525	
489717	11430929	3	0.9053470178712408	
489717	12736460	4	0.890435736208333	
489720	2088553	1	0.9423738238435988	
489732	1012519	8	0.7294198503617182	
489732	1592447	2	0.975620283685832	
489732	1883733	2	0.8621250806655256	
489732	2606039	1	0.9653528384020847	
489732	2627197	7	0.814473576291112	
493503	539935	15	0.6192740983158587	
493503	605570	11	0.9510688080688762	
493503	715957	13	0.7688880688050355	
493503	1928202	1	0.8685999859224326	
497561	2055186	3	0.9996986953508692	
497561	3156119	3	0.9994577169885216	
510823	3519131	3	0.9997288217304188	
522462	692602	13	0.6759775017021354	
525608	692592	1	0.8983167198203739	
525608	1215329	1	0.9658767772511848	
525608	1825984	1	0.9645674535632354	
525608	2425462	1	0.9851936048337646	
525608	2986738	1	0.964829178755403	
525608	3736531	1	0.9851936048337646	
525608	3736769	1	0.9502791654422568	
525608	3738379	1	0.9817258883248732	
527548	1402353	1	0.9932724651609804	
527548	4869766	1	0.9547596606974552	
532042	707598	2	0.8997295015099255	
532042	758950	4	0.9769149427341643	
532042	762783	3	0.8772416133959382	
532042	762840	5	0.950439648281375	
532042	762948	2	0.9944105538359828	
532042	924384	4	0.8334334749128077	
532042	1295287	1	0.9401876808840296	
532042	1640133	3	0.9366774635968368	
535750	1599156	2	0.8676271949572265	
535750	1978034	1	0.8792881312738032	
537021	537044	1	0.8769761588280213	
537021	667866	5	0.965981598544946	
537021	855152	2	0.942700748622403	
537021	1001887	3	0.9210930037340436	
537021	1805807	2	0.9882713321699532	
537021	2800299	2	0.9766794239847508	
537021	2986742	1	0.9538964288868608	
537021	3652537	1	0.9766794239847508	
537021	5558620	1	0.888593258682754	
537021	13256076	2	0.98568361843926	
537044	731066	1	0.9924945210003302	
537044	1525304	3	0.9954899425719356	
537044	1598223	5	0.996390326073878	
537044	1736469	1	0.9302000930665426	
539935	606202	21	0.7838622395040049	
539935	640070	3	0.906359510541736	
539935	692574	10	0.7719585845263333	
539935	692592	26	0.740266289077549	
539935	743091	9	0.713784021071115	
539935	793732	14	0.6493217408592111	
539935	1297439	11	0.6678348358090295	
539935	1448416	19	0.8271168463850097	
539935	1810425	4	0.7696481661711574	
539935	2088309	14	0.759271110639861	
539935	2127584	8	0.7581858641517432	
539937	568458	6	0.7756888905734753	
539937	568464	14	0.7462538739256845	
539937	689272	6	0.7372988207372246	
539937	727929	7	0.723239902891194	
539937	1270023	4	0.7997003572663363	
539938	4869766	11	0.8862729696769259	
558507	667866	1	0.9552779660018266	
558507	760455	1	0.9239889839107116	
558507	771237	1	0.9068250707503124	
558507	855152	1	0.9692892007774134	
558507	914234	1	0.9896571882541634	
558507	1191739	1	0.9876014494923782	
558507	2515504	1	0.9546157357640372	
558507	2791034	1	0.9233477750568734	
558507	3489161	1	0.9632598727998816	
558507	7203000	1	0.9800999477884688	
562336	762797	10	0.6838857653195851	
568458	649116	55	0.955612130641302	
568458	731066	1	0.9602735073028812	
568458	1039202	2	0.9296108389422728	
568458	1815467	7	0.8670305005596156	
568464	727929	23	0.682478553816886	
568464	1292568	4	0.9066607294195383	
568480	692594	52	0.8638357210480921	
568480	2088553	1	0.8739023632718751	
568481	727944	2	0.9892099268672822	
568481	1001887	3	0.9184829739261144	
568481	1039202	3	0.9838584324744424	
568481	1589669	2	0.945904739565772	
596302	1315678	1	0.9992770213278708	
596302	1694974	2	0.9998644016723792	
596307	776433	3	0.9993673650755396	
596307	1315678	1	0.998313862459352	
596307	4776179	1	0.998313862459352	
596307	6498264	1	0.9987351302514682	
596307	11197568	1	0.9991565756973312	
605570	1448416	3	0.9104477611940298	
605570	2127584	2	0.9174852652259332	
605570	2986742	1	0.9727134916624558	
606202	640070	1	0.8893997409363301	
606202	689274	4	0.8585660578141517	
606202	692592	12	0.7723320140510792	
606202	707372	16	0.8014039540067653	
606202	743091	5	0.7866459200951902	
606202	1023799	2	0.8755705020417969	
606202	1448416	6	0.7872689938398357	
606202	1703828	11	0.8466940026863837	
606202	1825984	5	0.8119125166877339	
606202	1926904	5	0.9350568697026332	
606202	2088309	7	0.8038949213812973	
606202	2126791	5	0.8209254981150919	
606202	2127584	4	0.8029883183917413	
612644	1270023	9	0.7630848790393993	
638330	3156119	1	0.8694421362477641	
640070	743091	1	0.9331517702401584	
640070	1215329	2	0.9714828897338404	
640070	1825984	2	0.9703854346809568	
640070	2127584	1	0.9506230895838232	
649116	1039202	2	0.919814868382991	
649116	1815467	8	0.866799805916727	
649116	2088553	1	0.9028614026033602	
660412	692574	14	0.8811791383219955	
660412	1810425	5	0.8664506839452844	
660412	2425462	5	0.8617594254937163	
660412	3857274	7	0.9584513692162416	
667866	709639	4	0.8663667041619798	
667866	760455	3	0.9271734711655728	
667866	855152	2	0.9562289066069296	
667866	1032769	3	0.8503401360544217	
667866	2515504	1	0.8750670998728634	
667866	2800299	1	0.964829178755403	
667866	3372262	3	0.9445648989159098	
667866	3489161	1	0.8980724132013956	
667866	3652537	1	0.9822585944266896	
667866	4869766	1	0.9088817303267372	
667866	7203000	1	0.9439383732169532	
667866	13256076	1	0.978358720600948	
669860	684846	15	0.6956421764420334	
669860	1232370	1	0.9375255444619608	
669860	4239619	1	0.8931724501875544	
669860	5187703	1	0.8931724501875544	
672029	689281	1	0.8922278610936877	
672029	1287454	7	0.9762631977471308	
672029	1292568	1	0.9679753291424504	
672029	1297439	5	0.9224842129656452	
672029	2127584	3	0.9347014925373134	
672029	2986742	1	0.9679753291424504	
672029	4852655	1	0.9838584324744424	
672029	5558620	4	0.9798636695851916	
689274	692574	2	0.8570449235418386	
689274	1926904	2	0.9507090895730766	
689274	3094897	2	0.9473606995099908	
689281	692574	2	0.8829270368610317	
689281	1252133	2	0.8670755207967029	
689281	1444690	1	0.9410388394946186	
689305	692602	35	0.6898213738164547	
689305	793732	34	0.7773331952326924	
689305	906023	1	0.8686525980882125	
689305	1694974	1	0.9190654502869866	
689305	1810425	6	0.7790763910762034	
692229	4199789	7	0.9988813258869796	
692229	4239619	1	0.9957899801527637	
692229	5514818	1	0.9939911068381204	
692229	14431223	1	0.996390326073878	
692574	692592	10	0.8553447251633645	
692574	1810425	4	0.9490263017822071	
692574	2232743	2	0.8536476371355156	
692574	3857274	1	0.9167653429602888	
692574	4310416	3	0.8214369027961377	
692587	707372	16	0.7945239278194065	
692587	727933	5	0.7490440186268128	
692587	762839	5	0.7793172599243425	
692587	1018058	11	0.8424947252591942	
692587	1023799	2	0.8710759645339085	
692592	793732	12	0.7387078498986466	
692592	1215329	14	0.8967859942513718	
692592	1285803	11	0.8742535569966676	
692592	1448416	20	0.8967095227718457	
692592	1481371	21	0.9091013692325394	
692592	1810425	5	0.8813124512791439	
692592	1825984	12	0.8762354953348308	
692592	1912200	3	0.81623633403117	
692592	1926904	6	0.9181826283198417	
692592	2088309	7	0.7155655177889259	
692592	2126791	24	0.939401023498084	
692592	2127584	7	0.8261060972925379	
692592	2780728	1	0.953493848236887	
692592	3017772	4	0.8236286137243386	
692592	3029220	12	0.9218393689234876	
692592	3094897	7	0.9247223177405924	
692592	3117107	11	0.9483455497242472	
692592	3151666	6	0.8512562673900461	
692592	3464060	3	0.9236729725029468	
692592	3736781	2	0.931042509237976	
692592	3738379	4	0.81623633403117	
692592	3786935	3	0.891194392070631	
692592	4852655	1	0.8983167198203739	
692602	793732	35	0.887483743683855	
692602	1448416	11	0.7944373641202489	
692602	1810425	4	0.8327815998315458	
707368	1295287	3	0.8867945984363895	
707368	1345015	6	0.8348654290098284	
707372	731066	1	0.9341376697557848	
707372	1018058	13	0.7832600284400939	
707372	1703828	11	0.7469108033347053	
707376	874331	12	0.899738564585997	
707382	1014340	2	0.9249655572474802	
707382	1018058	14	0.905327482262232	
707598	758954	2	0.8997295015099255	
707598	762948	1	0.979775079795961	
707598	1014340	1	0.915216575765446	
707598	1060594	1	0.9566903017527308	
707598	1295287	1	0.8936045765154002	
707598	1345015	3	0.8936045765154	
707598	1928202	1	0.9566903017527308	
709639	727933	6	0.7730284248771105	
709639	914234	1	0.8777727478497058	
709639	924384	10	0.711150530093643	
709639	1060594	1	0.8931994523048836	
709639	1232370	1	0.9658767772511848	
709639	1521273	1	0.9410388394946186	
709639	3372262	6	0.8828869723104857	
709639	4001024	1	0.9328984156570364	
727929	1039202	2	0.897339870495576	
727929	1292568	3	0.9303685174951282	
727929	1815467	11	0.8740202149847586	
727929	2693970	1	0.9880479877783936	
727929	3519131	1	0.897339870495576	
727933	762797	5	0.8002690855431622	
727933	1292568	3	0.9685006673587424	
727951	1285803	4	0.8855081110258815	
727951	1287454	2	0.8330410285445984	
727951	1396117	1	0.8889964137302897	
727951	1398367	1	0.9503364777101884	
727951	2046112	14	0.958084046859886	
727951	2232743	8	0.9615771117810488	
727951	2986742	1	0.931885661058392	
727951	3736531	8	0.9734247176143944	
727951	3736771	2	0.9030796581980846	
727951	3738699	3	0.946618173285622	
727951	3786948	1	0.9282373107876464	
727951	3792345	2	0.9503364777101884	
727951	4310416	7	0.9199497464593156	
727966	1339617	2	0.958783728943621	
727966	1396117	1	0.9497635065659978	
727966	1398367	2	0.9888969635218052	
727966	1660268	1	0.9530339591548468	
727966	2029792	3	0.9618090452261306	
727966	2135584	1	0.9176514779392644	
727966	2406152	2	0.9279712407857948	
727966	2406153	5	0.9596078894531712	
727966	2536925	2	0.9530339591548468	
727966	2872300	1	0.971219389043171	
727966	2986738	3	0.9271734711655728	
727966	2986834	6	0.9787568667496516	
727966	2986835	2	0.9335741755040206	
727966	3442955	1	0.9513973625792036	
727966	3736536	4	0.9745622777918272	
727966	3736684	2	0.955494007675479	
727966	3736769	6	0.9475892830941692	
727966	3736771	2	0.9563154016212232	
727966	3738699	1	0.9303685174951282	
727966	3760708	1	0.9224006835923356	
727966	3792345	1	0.9563154016212232	
727966	6199231	1	0.96291147851291	
740448	1392712	1	0.9403578528827038	
740448	2499232	2	0.9403578528827038	
740448	3320772	2	0.9608237066800602	
743091	752898	1	0.8910147735529184	
743091	1215329	4	0.8625954198473282	
743091	1285803	8	0.9310003709657476	
743091	1448416	4	0.8091872791519434	
743091	1825984	8	0.9261771870856332	
743091	2029792	2	0.8546318289786223	
743091	2088309	26	0.9660078056150068	
743091	2127584	5	0.901792673421668	
743091	2232743	4	0.9118511263467188	
743091	2406152	5	0.9228685415948382	
743091	2406153	3	0.8311444652908068	
743091	3017772	4	0.9277822356644652	
743091	3226275	1	0.9076472025409236	
743091	3464060	1	0.9118511263467188	
743091	3738379	2	0.8546318289786223	
743091	3738387	1	0.9118511263467188	
743091	3786948	1	0.9160736196319018	
743091	3822166	1	0.9245748089721468	
743091	4276213	1	0.9203148057058534	
743091	4310416	6	0.891701998788613	
743091	5939153	1	0.9034617259873232	
743091	8115920	1	0.8787295476419633	
751352	3372262	2	0.8921199680693351	
752898	2046112	6	0.9809717112774324	
752898	2232743	1	0.9414930961853498	
752898	2425462	1	0.9594053998199076	
752898	2968613	1	0.9681212282964874	
752898	3170159	1	0.9887628665178372	
752898	3857274	1	0.9835619713679428	
752898	4310416	6	0.9814645724536178	
758950	762783	8	0.9612148255405916	
758950	762840	2	0.9025341130604289	
758950	874331	1	0.898452472896822	
758950	924384	4	0.8634714062094188	
758950	1018058	3	0.8898929303667704	
758950	1640133	4	0.9612148255405916	
758954	1345015	2	0.9116033238763196	
758954	3822166	1	0.9687342410489158	
760455	1039202	1	0.9400175387313652	
760455	1392712	2	0.9019888806098468	
760455	1521273	1	0.9762379775481642	
760455	1707752	5	0.904477680467396	
760455	2425531	2	0.8476614699331848	
760455	2950045	3	0.907181240840254	
760455	3489161	4	0.9546733031940744	
760455	3706714	2	0.8942531360152983	
760455	7203000	1	0.9051008984700176	
760455	7418168	3	0.907181240840254	
760455	12736460	3	0.8937396564515209	
760457	1883733	1	0.8967705058588168	
760457	2791034	2	0.8613156086548035	
762783	762839	25	0.9620062317820888	
762783	762840	8	0.8979095770539621	
762783	874331	3	0.8606633210911435	
762783	1039202	1	0.8922278610936877	
762783	1521273	1	0.9566614581797812	
762784	762797	13	0.9369600747139856	
762784	1023799	2	0.9331517702401584	
762784	1444690	1	0.8777727478497058	
762784	1640133	3	0.8670755207967029	
762785	1521273	1	0.8937396564515209	
762840	874331	3	0.9074918566775244	
762840	1018058	4	0.7875457875457875	
762840	1069076	5	0.9442231075697212	
762840	2088553	1	0.9559118236472944	
762948	1703828	1	0.9585669598064096	
771237	1191739	1	0.9263344266101644	
771237	1883733	3	0.9422317169529718	
771237	2950045	4	0.9136082347895348	
771237	3372262	2	0.8325854951609117	
776433	937840	3	0.999548077067924	
776433	1232370	1	0.9989157279681948	
776433	1315678	1	0.9978326309452136	
793732	1043554	8	0.6968949300316564	
793732	1448416	10	0.8457884468572398	
793732	1810425	3	0.850727123157792	
793732	1912200	3	0.8559543617779891	
855152	1001887	1	0.8801665769568544	
855152	1032769	2	0.8471986417657046	
855152	2515504	1	0.9130911030079414	
855152	2627197	2	0.8712210388310507	
855152	2800299	1	0.9758849623388608	
855152	3489161	1	0.929358411581732	
855152	3652537	1	0.9878693483893192	
855152	5263640	2	0.9243236974107688	
855152	7203000	1	0.9614321812244174	
855152	11430929	1	0.9180671358178114	
855152	13256076	1	0.9851936048337646	
865894	1032769	2	0.8440677966101695	
865894	1392712	1	0.920148131003356	
865894	1599156	1	0.9150507848568792	
865894	1736469	1	0.9356042930471302	
865894	2488562	1	0.9958499984963762	
865894	2606039	1	0.9930928856722424	
865894	2696987	3	0.893685622164522	
865894	3372262	2	0.9421180464109092	
865894	4435599	2	0.9227069934526914	
865894	5263640	3	0.9477988651927216	
865894	8046764	2	0.9434260614934116	
865894	9715729	1	0.9972314173939212	
870303	899263	2	0.8418160626075373	
870303	1444690	1	0.9124020285846012	
874331	930327	2	0.9529908556547072	
874331	1018058	3	0.8471815044346309	
874331	1069076	2	0.9278172338169725	
874331	1295287	1	0.9318013127446844	
874331	1589669	1	0.9159629902279188	
874331	1640133	2	0.8936450984727978	
899263	1978034	1	0.9003550566945367	
899263	2425531	3	0.8906107566089334	
899263	2515504	2	0.8857759845428198	
899263	2950045	2	0.857278782112274	
899263	3088584	1	0.982080993907538	
899263	4362623	4	0.9901046508141174	
899263	4674688	4	0.9489046808010806	
899263	5561068	4	0.8604025340584179	
930327	1069076	1	0.9093759889525016	
930327	1295287	1	0.9562289066069296	
930327	1589669	1	0.945904739565772	
930327	1810425	1	0.9306212092563234	
937840	1232370	1	0.9993974814725552	
937840	1315678	1	0.9987953258643536	
954899	1339617	6	0.9958249904145188	
954899	2029792	1	0.9657603222557906	
954899	2406153	2	0.9697275479313824	
954899	2986738	1	0.9345887016848364	
954899	3017772	1	0.9672461577223482	
954899	3029220	1	0.9588559959859508	
954899	3736531	1	0.9722152058600656	
954899	3792345	2	0.9933622670411028	
954899	5939153	1	0.9887926642893532	
1001887	1589669	3	0.9620216990707438	
1001887	2800299	2	0.9748266730145504	
1001887	3652537	1	0.9748266730145504	
1001887	13256076	1	0.9693184178511024	
1012519	1032769	9	0.7466999643239386	
1012519	1544699	9	0.7025148144031057	
1012519	2627197	24	0.9134300800590066	
1014340	1018058	5	0.9642941705734716	
1014340	1252133	1	0.8889964137302897	
1018058	1023799	2	0.8878143133462283	
1018058	1295287	2	0.8909339563507892	
1023799	1640133	2	0.9476178598154154	
1023799	1703828	4	0.941805521014673	
1032769	1883733	2	0.856655290102389	
1032769	2696987	6	0.7408	
1032769	3320772	4	0.8662092624356775	
1032769	3372262	3	0.8093126385809313	
1032769	3489161	9	0.9568345323741008	
1032769	4424071	2	0.8347386172006745	
1032769	5134104	3	0.89988358556461	
1032769	5561068	6	0.8153503893214683	
1032769	8046764	3	0.8133333333333334	
1039202	1815467	2	0.9671878473508708	
1069076	1252133	4	0.9239053237284942	
1069076	1295287	1	0.9327295494918314	
1069076	1589669	1	0.917097547589474	
1191739	1622094	1	0.934927113702624	
1191739	1736469	1	0.974297953355545	
1191739	1883733	1	0.9774745247601454	
1191739	2425531	1	0.949248120300752	
1191739	2499232	1	0.9369600747139856	
1191739	3489161	1	0.9711315711315712	
1191739	9939589	1	0.998374032700009	
1215329	1285803	3	0.85233700506103	
1215329	1396117	2	0.943767572633552	
1215329	1481371	3	0.8050478677110531	
1215329	1660268	1	0.8975297346752058	
1215329	1825984	16	0.9684422825958002	
1215329	1926904	4	0.9593764761454888	
1215329	2126791	5	0.9073018208570904	
1215329	2127584	3	0.8656671664167916	
1215329	2425462	2	0.8992673992673993	
1215329	2968613	3	0.9461995620894588	
1215329	2986738	5	0.9031014865112864	
1215329	2986834	3	0.9080036798528058	
1215329	3094897	2	0.9150507848568792	
1215329	3117107	2	0.9097605893186004	
1215329	3151666	3	0.9010082493125572	
1215329	3170157	1	0.9808978032473734	
1215329	3464060	1	0.9257195914577532	
1215329	3736769	4	0.8337754199823165	
1215329	3738379	4	0.9365079365079364	
1215329	3852054	2	0.931098696461825	
1215329	3857274	1	0.9185938945420906	
1215329	6199231	1	0.9185938945420906	
1233636	1287454	1	0.9723617343754644	
1233636	1297439	1	0.9349835272165368	
1233636	2634073	1	0.996991033279172	
1233636	3297005	4	0.9992469085596372	
1233636	4490529	1	0.9975921020948711	
1233636	15453609	1	0.9957899801527637	
1252133	2088309	4	0.80150786164589	
1267550	6735612	1	0.9947102668910796	
1285803	1287454	9	0.9621183751502848	
1285803	1481371	4	0.8544763607913267	
1285803	1825984	8	0.9397482080097034	
1285803	1926904	2	0.9227626966422342	
1285803	2029792	3	0.9187418086500656	
1285803	2046112	3	0.8260056127221703	
1285803	2088309	6	0.8855081110258815	
1285803	2127584	4	0.9005727376861398	
1285803	2232743	2	0.860924181247196	
1285803	2406152	2	0.8496697416459965	
1285803	2982933	8	0.9773714200588433	
1285803	3017772	3	0.9221872526114576	
1285803	3029220	2	0.8576946761462241	
1285803	3117107	2	0.9124571362706394	
1285803	3151666	2	0.8593080263342204	
1285803	3464060	1	0.9279572391354868	
1285803	3738387	1	0.9279572391354868	
1285803	3792345	1	0.9073456719163122	
1285803	3822166	1	0.9384309831181727	
1285803	8115920	1	0.9005727376861398	
1287454	1297439	14	0.9563339372622752	
1287454	2406152	2	0.8850930574392695	
1287454	2563091	1	0.9454769302925484	
1287454	2634073	2	0.9860847186270256	
1287454	2982922	3	0.9552491640520276	
1287454	2982933	9	0.9848571699157126	
1287454	3151666	2	0.8925920909110352	
1287454	3223211	1	0.9805726734209702	
1287454	3297005	1	0.9723617343754644	
1287454	3442955	1	0.921899659740824	
1287454	3736538	1	0.893847734276909	
1287454	3792345	1	0.9296949960747828	
1287454	3857298	1	0.881365781752725	
1287454	4097774	1	0.9944105538359828	
1287454	4490529	1	0.977828108236977	
1287454	5558620	4	0.968960568425815	
1287454	8115920	1	0.9244910978368034	
1287454	11587673	1	0.9454769302925484	
1287454	15453609	4	0.9902389288311456	
1292568	1815467	1	0.9354349537779592	
1295287	1345015	2	0.9519569421262766	
1295287	1589669	1	0.9600419367699828	
1297439	1525304	1	0.9412943327239488	
1297439	1624326	1	0.9734760630389532	
1297439	2135584	2	0.845016193375311	
1297439	2634073	3	0.9778477554710084	
1297439	2968613	2	0.8652520639381697	
1297439	2986742	4	0.970209955248139	
1297439	3223211	2	0.976753017565545	
1297439	3297005	1	0.9349835272165368	
1297439	4490529	2	0.9734760630389532	
1297439	5558620	10	0.970209955248139	
1297439	15453609	4	0.976753017565545	
1315678	4776179	1	0.9980732177263968	
1315678	6498264	2	0.9992770213278708	
1315678	11197568	1	0.9990361445783132	
1339617	1398367	1	0.9809864935452578	
1339617	2029792	1	0.904390243902439	
1339617	2406152	1	0.8792881312738032	
1339617	2406153	5	0.9651782541750562	
1339617	2536925	1	0.9205926611876376	
1339617	2986738	2	0.9070716358725324	
1339617	2986834	2	0.9461187147664044	
1339617	3017772	2	0.953134541388012	
1339617	3029220	2	0.9412375506383726	
1339617	3170156	1	0.9897168383025288	
1339617	3226275	1	0.9694645162247578	
1339617	3736536	1	0.915161308939805	
1339617	3736538	1	0.942629668657066	
1339617	3736684	1	0.9246864351482637	
1339617	3736769	2	0.8702059909262547	
1339617	3736771	4	0.9809864935452578	
1339617	3792345	4	0.9904478417670745	
1339617	4276213	1	0.9737695167286246	
1339617	5939153	1	0.9680336862082258	
1339617	7846056	1	0.951024487756122	
1345015	1928202	1	0.9619540314832606	
1392712	1707752	4	0.936112488695703	
1392712	3706714	1	0.8889964137302897	
1396117	1398367	1	0.9883160070703136	
1396117	2126791	1	0.8922278610936877	
1396117	2425462	1	0.951483430856538	
1396117	2872300	1	0.9847483477376716	
1396117	2968613	1	0.9618670371574684	
1396117	2986738	3	0.9609975180238742	
1396117	2986834	1	0.9344195400623744	
1396117	3094897	2	0.9794207999045602	
1396117	3736769	2	0.9184829739261144	
1396117	3736771	1	0.9540690142503828	
1396117	3738699	1	0.9627373277340746	
1396117	3852054	2	0.9834137740388208	
1396117	4310416	1	0.8737965498743612	
1398367	1660268	1	0.9890906911226998	
1398367	2986834	1	0.9710437610442064	
1398367	3151666	1	0.9687634416576436	
1398367	3736771	1	0.9798341387745362	
1398367	3760708	1	0.9817554755968289	
1398367	3852054	1	0.9856093584047628	
1398367	6199231	1	0.9914183694902032	
1444690	1640133	1	0.903625516291877	
1444690	1815467	1	0.888029130632681	
1444690	3175199	3	0.9980732177263968	
1444690	4001024	1	0.9923150816522576	
1448416	1810425	3	0.9070990359333918	
1448416	1825984	4	0.8320353609766364	
1448416	1926904	2	0.8880694143167028	
1448416	2088309	5	0.8058091286307054	
1448416	2126791	5	0.870058439326229	
1448416	2127584	6	0.902097902097902	
1448416	2968613	2	0.8880694143167028	
1448416	2986742	1	0.9054290718038528	
1481371	1825984	4	0.844734135697807	
1481371	2126791	19	0.9669807200349412	
1481371	2127584	14	0.9603024574669188	
1481371	2563091	2	0.9506230895838232	
1481371	2968613	2	0.8967705058588168	
1481371	2982922	2	0.8832075364621759	
1481371	2986738	3	0.7995661605206074	
1481371	2986835	3	0.8735320686540199	
1481371	3029220	6	0.9331236164511244	
1481371	3094897	5	0.9544833435423832	
1481371	3117107	4	0.9398474264168593	
1481371	3151666	5	0.9212153493434612	
1481371	3442958	3	0.9586825640420258	
1481371	3736531	2	0.8698371555755903	
1481371	3736538	2	0.903625516291877	
1481371	3736684	2	0.8742728042925727	
1481371	3738379	3	0.8914728682170543	
1481371	3738387	1	0.903625516291877	
1481371	3760708	6	0.9611134093729684	
1481371	3786948	1	0.908223116733755	
1481371	3788908	10	0.9686057686603466	
1481371	3822166	1	0.9174852652259332	
1481371	3852054	2	0.9105302550521044	
1481371	3857298	3	0.926837765648589	
1525304	1598223	1	0.9967507070220832	
1533658	1707752	1	0.9527466384205726	
1533658	2791034	2	0.9811195438840008	
1533658	4662760	1	0.999337249585781	
1533658	5263640	1	0.962273076695642	
1544699	1622094	7	0.8544763607913267	
1544699	2425531	4	0.8078012638919154	
1544699	2627197	10	0.8349871848396792	
1544699	2644206	6	0.7851657588595252	
1544699	2696987	10	0.8056322623999826	
1544699	2719102	6	0.7665393470767511	
1544699	3088584	1	0.9566614581797812	
1544699	3706714	3	0.824850834501911	
1544699	5134104	2	0.8260809751131533	
1544699	5263640	15	0.9337544579380432	
1544699	5561068	13	0.8929253127509357	
1544699	7418168	6	0.8818992528320077	
1544699	11430929	3	0.8297813680350693	
1544699	12736460	4	0.8041891506164114	
1592447	4869766	1	0.9899256416406812	
1592447	5561068	1	0.9655856656300904	
1599156	1923647	2	0.9923150816522576	
1599156	2606039	2	0.9951899951899952	
1599156	2950045	3	0.946808510638298	
1599156	4001024	1	0.9846889952153112	
1599156	4424071	1	0.9097605893186004	
1622094	2425531	4	0.9141670512228888	
1622094	2644206	19	0.968448428197227	
1622094	2696987	4	0.7961326639693644	
1622094	2719102	12	0.9457716231865646	
1622094	3088584	1	0.9814892219502	
1622094	3706714	3	0.9221872526114576	
1622094	5134104	5	0.9683722254516982	
1622094	8046764	2	0.8544763607913267	
1622094	11430929	3	0.9244910978368034	
1622094	12736460	7	0.9490191471866556	
1624326	3223211	1	0.9991565756973312	
1624326	3736538	1	0.9951899951899952	
1624326	3822166	1	0.9979529170931424	
1640133	1928202	1	0.9596946835368284	
1660268	2127584	1	0.9097605893186004	
1660268	2135584	3	0.986035191317879	
1660268	2406152	2	0.963957032521528	
1660268	2968613	1	0.9643639377256852	
1660268	2986834	3	0.9791256635056956	
1660268	2986835	2	0.9668089141773352	
1660268	3094897	2	0.980779561869516	
1660268	3151666	2	0.9664009955260584	
1660268	3736538	2	0.9832655988524982	
1660268	3736771	1	0.9570653456003776	
1660268	3760708	2	0.9803658281860772	
1660268	3788908	1	0.948218164739036	
1660268	6199231	3	0.9938313639094732	
1703828	1928202	1	0.9123469240743408	
1707752	2627197	4	0.7991393039883433	
1707752	2696987	5	0.8068267822431789	
1707752	3320772	2	0.8419694152257778	
1707752	3489161	2	0.8878680130849097	
1707752	3706714	2	0.8665504197544752	
1707752	4435599	4	0.8800600549559502	
1707752	5263640	6	0.9184090339737536	
1707752	7203000	1	0.8800600549559502	
1707752	7418168	2	0.8289997657531037	
1707752	8046764	3	0.8839559441353468	
1736469	2515504	1	0.9075649574614854	
1736469	2950045	1	0.8841698841698842	
1736469	3372262	2	0.9396773439326632	
1736469	4674688	1	0.919481721425266	
1810425	3156119	1	0.9857281771261874	
1810425	14431223	1	0.9904627657979186	
1825984	1926904	2	0.9173883211151638	
1825984	2088309	9	0.9167745693120064	
1825984	2126791	4	0.8812457924387911	
1825984	2127584	6	0.9278825671017468	
1825984	2986738	3	0.8379396289116589	
1825984	2986834	3	0.9045815218171122	
1825984	3017772	5	0.9492194957193416	
1825984	3117107	2	0.9064005802388458	
1825984	3170157	1	0.9801590261512986	
1825984	3464060	1	0.9229298255780264	
1825984	3738387	1	0.9229298255780264	
1825984	3760708	2	0.9100491412865952	
1825984	3822166	1	0.9341094872430022	
1825984	3857274	1	0.9155482437151846	
1859909	2780728	1	0.9805431214562818	
1883733	2425531	1	0.8854545454545455	
1883733	2791034	4	0.9642621956182345	
1883733	2950045	1	0.8979095770539621	
1883733	3372262	1	0.8967705058588168	
1883733	3489161	4	0.983058190782102	
1883733	3706714	1	0.9209817939737764	
1912200	2536925	1	0.9174852652259332	
1912200	2982922	1	0.9274253270797334	
1912200	2982933	1	0.9274253270797334	
1912200	3017772	2	0.951268274397101	
1912200	3151666	1	0.8828068483240897	
1912200	3736536	2	0.9549323985978968	
1912200	3736684	1	0.9217327098203298	
1912200	3736781	4	0.995399948888321	
1912200	3738387	1	0.9697275479313824	
1912200	3786935	5	0.9911256184015912	
1912200	8115920	1	0.9578736208625878	
1912200	11587673	1	0.9697275479313824	
1926904	2126791	4	0.9599985233858762	
1926904	3029220	1	0.8991043580278708	
1926904	3117107	2	0.9687488412450036	
1978034	2515504	3	0.9806711863395128	
1978034	2950045	1	0.9283773771301556	
2029792	2135584	1	0.9025341130604289	
2029792	2406152	4	0.9564019042846404	
2029792	2406153	11	0.9778924097273396	
2029792	2536925	2	0.9442231075697212	
2029792	2982922	1	0.904390243902439	
2029792	2982933	2	0.951024487756122	
2029792	2986738	4	0.9345887016848364	
2029792	2986834	2	0.9259990133201776	
2029792	2986835	4	0.9598393574297188	
2029792	3017772	1	0.8751200768491835	
2029792	3151666	2	0.9203148057058534	
2029792	3442955	1	0.9422885572139303	
2029792	3442958	1	0.95004995004995	
2029792	3547111	1	0.9697275479313824	
2029792	3736536	2	0.9403578528827038	
2029792	3736538	1	0.9212598425196852	
2029792	3736769	7	0.9464387464387464	
2029792	3857298	1	0.9118511263467188	
2029792	4097821	2	0.9898063200815496	
2029792	4468095	1	0.9797160243407708	
2029792	11587673	1	0.9598393574297188	
2046112	2232743	11	0.9670208867717112	
2046112	2563091	2	0.9549323985978968	
2046112	2872300	3	0.9742098609355246	
2046112	3736531	8	0.96879629337788	
2046112	3738387	1	0.9118511263467188	
2046112	3738699	7	0.9727134916624558	
2046112	3792345	1	0.8869018849685839	
2046112	4276216	1	0.9549323985978968	
2046112	4310416	44	0.9845075873542172	
2046112	5939153	1	0.9034617259873232	
2055186	3156119	2	0.9993221921811104	
2088309	3017772	3	0.8802997464337824	
2088309	3736684	2	0.8555262771630868	
2088309	3738387	1	0.8889964137302897	
2088309	3786948	1	0.8942531360152983	
2088309	3822166	1	0.9048548426445474	
2126791	2127584	3	0.8676271949572265	
2126791	2968613	2	0.9215657889022396	
2126791	3029220	6	0.9494198854457336	
2126791	3094897	4	0.957267351843933	
2126791	3117107	8	0.9770106382582598	
2126791	3442958	1	0.9093759889525016	
2126791	3786935	1	0.8956328011196482	
2126791	3788908	2	0.8871433242816725	
2126791	4852655	1	0.9664009955260584	
2127584	2986742	1	0.9410388394946186	
2127584	3017772	2	0.8960118843560736	
2127584	3442958	1	0.9190377052972472	
2127584	3464060	1	0.9347014925373134	
2127584	3760708	2	0.9237101449275362	
2127584	3786935	1	0.9066881176740978	
2127584	3788908	2	0.8990500171683644	
2127584	4852655	1	0.9700783661838044	
2127584	6199231	1	0.9284053928405392	
2135584	2406152	4	0.9677565209656736	
2135584	2406153	3	0.9414930961853498	
2135584	2968613	1	0.9372427683236522	
2135584	2986738	4	0.951483430856538	
2135584	2986835	3	0.9606113124310698	
2135584	3017772	1	0.906633341951794	
2135584	3094897	2	0.9659350099232796	
2135584	3226275	1	0.9688510486813612	
2135584	3442955	2	0.97838820741359	
2135584	3736536	3	0.9703123144519652	
2135584	3736538	1	0.9414930961853498	
2135584	3736684	2	0.9608526730976616	
2135584	3736769	5	0.944906810455984	
2135584	3788908	1	0.9093759889525016	
2135584	4276213	1	0.9732413629065826	
2135584	6199231	1	0.967391948775716	
2135584	7846056	1	0.95004995004995	
2135584	8115920	1	0.9586825640420258	
2228541	2228542	11	0.999638445314854	
2228542	2982922	1	0.982436226775793	
2232743	2425462	1	0.8756500113045443	
2232743	3736531	1	0.8756500113045443	
2232743	3738699	3	0.9668089141773352	
2232743	4310416	14	0.9746671880578744	
2406152	2406153	5	0.938997312142106	
2406152	2425462	3	0.95306269587864	
2406152	2968613	1	0.893280463278609	
2406152	2986738	3	0.8909339563507892	
2406152	2986835	4	0.9489046808010806	
2406152	3017772	4	0.958285231644211	
2406152	3094897	2	0.94146469891325	
2406152	3226275	1	0.9464183591172374	
2406152	3442955	4	0.9811712905091512	
2406152	3464060	3	0.98267311943598	
2406152	3736536	7	0.9777775885703582	
2406152	3736538	1	0.9003550566945367	
2406152	3736684	2	0.9328561963493924	
2406152	3736769	12	0.959752550530776	
2406152	4276213	1	0.9538964288868608	
2406152	6199231	1	0.9439383732169532	
2406152	7846056	1	0.9146640510053948	
2406152	8115920	3	0.9758261387317654	
2406153	2536925	5	0.9603024574669188	
2406153	2982922	3	0.942629668657066	
2406153	2986738	5	0.9088817303267372	
2406153	2986834	4	0.9344195400623744	
2406153	2986835	6	0.9529190207156308	
2406153	3017772	3	0.9246027143022852	
2406153	3029220	2	0.8619683537201213	
2406153	3223211	1	0.97500297583621	
2406153	3226275	2	0.9627373277340746	
2406153	3442955	2	0.9489046808010806	
2406153	3442958	1	0.9135047860685042	
2406153	3547111	1	0.947189297030865	
2406153	3736536	5	0.957527135441246	
2406153	3736684	4	0.9532063921834074	
2406153	3736769	11	0.940048471448616	
2406153	3736771	3	0.9392239364188874	
2406153	3736779	1	0.9892099268672822	
2406153	3786935	1	0.9003550566945367	
2406153	3792345	1	0.9102003223578172	
2406153	4097821	6	0.9939911068381204	
2406153	4276213	2	0.9679753291424504	
2406153	4468095	1	0.9644802273265451	
2406153	7846056	2	0.9403578528827038	
2406153	8115920	1	0.903625516291877	
2425462	3094897	1	0.9265581003802724	
2425462	3170159	1	0.975443870641287	
2425462	3442955	5	0.9904329179600222	
2425462	3736531	1	0.9128154136584382	
2425462	3736536	3	0.967391948775716	
2425462	3736769	7	0.9564554573861482	
2425462	3738379	1	0.8933074684772065	
2425462	3852054	1	0.9404996856863004	
2425462	3857274	5	0.9927338237501876	
2425531	2696987	4	0.8384487534626038	
2425531	2791034	3	0.8949291914116034	
2425531	3706714	2	0.9102003223578172	
2425531	4362623	2	0.9842143027983736	
2425531	7418168	3	0.9212598425196852	
2425531	8046764	3	0.9221501390176088	
2425531	12736460	4	0.9315483119906868	
2488562	2606039	1	0.999548077067924	
2499232	2791034	3	0.8703641077668809	
2515504	2644206	2	0.8479572871492513	
2515504	2719102	2	0.8342695658782967	
2515504	3489161	1	0.8966078930071729	
2515504	3706714	1	0.8768434596948659	
2515504	4435599	2	0.8893728470976742	
2515504	4674688	1	0.8893728470976742	
2515504	5134104	1	0.9167930222819102	
2515504	5561068	2	0.8453753006436903	
2515504	7203000	2	0.9711462069067932	
2515504	11430929	1	0.8804062955984643	
2536925	2982933	1	0.9205926611876376	
2536925	2986834	2	0.9386574750248292	
2536925	2986835	2	0.9347014925373134	
2536925	3017772	1	0.8960118843560736	
2536925	3170157	1	0.9915976473412556	
2536925	3226275	1	0.9651782541750562	
2536925	3547111	4	0.9936916098410886	
2536925	3736536	2	0.9506230895838232	
2536925	3736684	3	0.9706243319212954	
2536925	3736769	5	0.93849892513319	
2536925	3736771	4	0.9782997496124956	
2536925	3786935	1	0.9522296740793036	
2536925	4276213	1	0.9700783661838044	
2536925	4468095	2	0.9915976473412556	
2536925	5558620	1	0.926837765648589	
2536925	5848276	4	0.9953699527975708	
2536925	7846056	8	0.9928534966819806	
2536925	8115920	1	0.9538389072067828	
2563091	2872300	5	0.9979529170931424	
2563091	2982922	2	0.985342068264082	
2563091	2986834	1	0.9557965462368126	
2563091	3151666	3	0.9838584324744424	
2563091	3736684	2	0.9841549822117251	
2563091	3736771	1	0.969143128412058	
2563091	3788908	1	0.9627373277340746	
2627197	2644206	5	0.8186551356565249	
2627197	2696987	6	0.779553422398595	
2627197	5561068	4	0.7747234014105693	
2627197	7418168	6	0.9169360448463522	
2634073	3297005	1	0.996991033279172	
2634073	4490529	1	0.9975921020948711	
2634073	15453609	1	0.9957899801527637	
2644206	2696987	7	0.8428791019169551	
2644206	2719102	35	0.9751902271075914	
2644206	4435599	7	0.9217843816961884	
2644206	4674688	2	0.8670229973978479	
2644206	5134104	3	0.9319887634452946	
2644206	5263640	3	0.8265416582573436	
2644206	11430929	2	0.8563826439634977	
2644206	12736460	7	0.9335178441369264	
2696987	2719102	6	0.8030495466431216	
2696987	2791034	8	0.8999980318095364	
2696987	3372262	3	0.810019908909919	
2696987	3706714	4	0.8876867887096602	
2696987	4435599	12	0.9316326382117962	
2696987	5134104	2	0.8540489576422111	
2696987	5263640	6	0.867784876030732	
2696987	6498264	1	0.9570076371892784	
2696987	8046764	5	0.8841056970577882	
2719102	4435599	4	0.854916921700974	
2719102	5134104	3	0.925561288388354	
2719102	11430929	3	0.8927945014045945	
2791034	3320772	3	0.9137806741832232	
2791034	3372262	2	0.8613156086548035	
2800299	3652537	1	0.9951300165338944	
2800299	13256076	1	0.994051017035724	
2872300	2986738	1	0.9345887016848364	
2872300	3736531	1	0.9722152058600656	
2872300	3736771	1	0.9737108190091	
2872300	3738699	1	0.9787126203750632	
2872300	4310416	1	0.926474216629657	
2950045	3489161	3	0.9549323985978968	
2950045	4362623	1	0.9722152058600656	
2968613	2982922	1	0.9384592917123038	
2968613	2986834	1	0.9073182647680084	
2968613	3094897	3	0.9803264339921028	
2968613	3117107	1	0.9384592917123038	
2968613	3736536	1	0.9251609908916864	
2968613	3736538	1	0.9494771472212432	
2968613	5558620	1	0.9433407024581644	
2968613	6199231	1	0.971892919749235	
2968613	11587673	1	0.9744154221455346	
2982922	2982933	2	0.9644656903734729	
2982922	2986834	2	0.9461187147664044	
2982922	2986835	2	0.942629668657066	
2982922	3151666	10	0.9881105191500325	
2982922	3170159	3	0.9926440784831788	
2982922	3442958	1	0.9637536431287264	
2982922	3736684	2	0.9616205951246184	
2982922	3738387	1	0.9708974282829482	
2982922	3788908	1	0.9111079115974372	
2982922	3857298	1	0.9356889737943506	
2982922	5939153	1	0.9680336862082258	
2982922	11587673	3	0.9902041142720056	
2982933	2986835	2	0.942629668657066	
2982933	3442958	1	0.9637536431287264	
2982933	3736538	5	0.9882564409826244	
2982933	3736684	1	0.9246864351482637	
2982933	3736769	3	0.9115574415791394	
2982933	3738379	1	0.904390243902439	
2982933	3788908	1	0.9111079115974372	
2982933	3852054	1	0.9468180284830084	
2982933	3857298	3	0.9780933788355216	
2982933	8115920	2	0.9795388791123572	
2982933	11587673	1	0.9708974282829482	
2986738	2986834	4	0.928097264790901	
2986738	2986835	6	0.9483325504931892	
2986738	3029220	4	0.9216492457364566	
2986738	3170156	1	0.9725375973369792	
2986738	3223211	1	0.9725375973369792	
2986738	3226275	1	0.919814868382991	
2986738	3442955	1	0.8909339563507892	
2986738	3736536	4	0.942061216129221	
2986738	3736769	27	0.9726809162725568	
2986738	3738379	2	0.8733205374280231	
2986738	3760708	4	0.9543279494692208	
2986738	3792345	2	0.949591680864814	
2986738	4276213	1	0.9308739671825904	
2986738	8115920	1	0.894496460379082	
2986742	5558620	3	0.9918965155016656	
2986742	11587673	1	0.9892099268672822	
2986834	2986835	2	0.9135047860685042	
2986834	3151666	3	0.9407834135072304	
2986834	3170156	1	0.984303290329332	
2986834	3442958	1	0.9450493090866464	
2986834	3736538	1	0.9135047860685042	
2986834	3736684	3	0.9608526730976616	
2986834	3736769	9	0.9538772546171812	
2986834	3736771	2	0.9429140197312568	
2986834	3760708	4	0.9737915292735608	
2986834	3788908	2	0.9312532281883588	
2986834	3792345	1	0.9429140197312568	
2986834	6199231	3	0.9835619713679428	
2986835	3029220	3	0.9362066282869146	
2986835	3094897	1	0.8949291914116034	
2986835	3226275	1	0.9506230895838232	
2986835	3442955	1	0.932448171441882	
2986835	3442958	2	0.9703123144519652	
2986835	3736536	2	0.9302000930665426	
2986835	3736538	1	0.9080036798528058	
2986835	3736684	1	0.879900294584183	
2986835	3736769	11	0.9596289297371584	
2986835	3760708	3	0.9629308305071378	
2986835	4276213	1	0.957527135441246	
2986835	6199231	1	0.9483325504931892	
2986835	7846056	1	0.9212598425196852	
2986835	8115920	1	0.9347014925373134	
2986835	11587673	1	0.9529190207156308	
3017772	3170159	1	0.9710437610442064	
3017772	3176060	1	0.9786831238912987	
3017772	3226275	1	0.9596946835368284	
3017772	3464060	1	0.9615771117810488	
3017772	3736536	2	0.9429140197312568	
3017772	3736684	2	0.9494055705274598	
3017772	3736769	2	0.8313971136068876	
3017772	3736781	1	0.9767677369392984	
3017772	3760708	1	0.9119888221482794	
3017772	3786935	2	0.9719954539039228	
3017772	3786948	1	0.9634631599189384	
3017772	3788908	1	0.8837687864553028	
3017772	3792345	1	0.9503364777101884	
3017772	3874781	1	0.9941408890825232	
3017772	4276213	1	0.9653528384020847	
3017772	7846056	1	0.9355478433316808	
3017772	8115920	2	0.9729480662326466	
3029220	3094897	3	0.9628147242650684	
3029220	3117107	4	0.9701807117147204	
3029220	3151666	2	0.9046908407352668	
3029220	3442958	1	0.9400742494665146	
3029220	3464060	3	0.983660781891364	
3029220	3736531	2	0.934278594640281	
3029220	3736771	1	0.8792615245214633	
3029220	3738379	3	0.945514950166113	
3029220	3760708	2	0.9435683432169266	
3029220	3786935	1	0.9308177930352312	
3029220	3786948	1	0.9541265494803168	
3029220	3857298	2	0.945904739565772	
3029220	4852655	2	0.9889416665417984	
3094897	3151666	1	0.893685622164522	
3094897	3736536	1	0.920148131003356	
3094897	3736538	1	0.9460473844710298	
3094897	3788908	1	0.9163225825080126	
3094897	3852054	1	0.9499926546202438	
3094897	6199231	2	0.9848670634327242	
3094897	11587673	1	0.9726548567352276	
3117107	4852655	1	0.9867981858731608	
3151666	3170159	1	0.9640442123019104	
3151666	3442958	1	0.9407834135072304	
3151666	3464060	2	0.9758849623388608	
3151666	3736684	2	0.9373417305825774	
3151666	3738387	1	0.952344531387892	
3151666	3760708	3	0.9624761594984992	
3151666	3786935	2	0.9652218973239072	
3151666	3788908	3	0.950021301914234	
3151666	3852054	1	0.913587544150508	
3151666	4097821	1	0.9758849623388608	
3151666	5558620	1	0.8958764800822704	
3151666	5939153	1	0.9477035950110052	
3151666	6199231	2	0.9735054044811848	
3151666	11587673	4	0.9878693483893192	
3170156	3170157	1	0.9989458307606583	
3170156	3736538	1	0.9915976473412556	
3170156	3736769	1	0.9611134093729684	
3170156	3792345	1	0.9945304282494364	
3170157	3736771	1	0.9921954733745572	
3170159	3176060	1	0.9950400553108985	
3170159	3857274	1	0.9901046508141174	
3170159	5939153	1	0.9901046508141174	
3176060	3736538	4	0.9966906344956226	
3176060	3736779	1	0.9990060390656768	
3176060	3874781	2	0.9995028960073512	
3176060	4468095	1	0.9966906344956226	
3176060	8115920	1	0.9907612934189214	
3223211	3736769	1	0.9611134093729684	
3226275	3547111	1	0.9905523146829028	
3226275	3736684	1	0.967012936974852	
3226275	3736769	1	0.8877069230331646	
3226275	4276213	2	0.9943206574815572	
3226275	4468095	1	0.9936916098410886	
3226275	5848276	1	0.9930629589032868	
3226275	7846056	3	0.9928534966819806	
3226275	8115920	1	0.982436226775793	
3297005	4490529	1	0.9975921020948711	
3297005	15453609	1	0.9957899801527637	
3320772	3489161	1	0.8806460753754604	
3320772	4424071	1	0.8910955976634848	
3372262	7203000	1	0.9275652754784932	
3442955	3736536	4	0.9869766327859528	
3442955	3736684	1	0.9547308740151682	
3442955	3736769	6	0.9729871674181242	
3442958	3736538	4	0.9924945210003302	
3442958	3736769	2	0.9316045286533368	
3442958	3738379	1	0.95004995004995	
3442958	3786935	1	0.97838820741359	
3442958	3788908	1	0.9536376079949368	
3442958	4276216	1	0.9924945210003302	
3464060	3738379	1	0.9598393574297188	
3464060	3788908	1	0.9627373277340746	
3464060	5939153	1	0.9868279247994252	
3489161	3706714	1	0.8995391968860013	
3489161	5561068	2	0.8734791813690896	
3489161	7203000	1	0.9538964288868608	
3547111	3736684	2	0.9880926526424576	
3547111	3857298	1	0.9798636695851916	
3547111	4468095	2	0.9977424258386888	
3547111	5558620	1	0.9798636695851916	
3547111	5848276	1	0.9950400553108985	
3547111	7846056	1	0.9847483477376716	
3652537	13256076	1	0.9970210781289964	
3706714	4424071	1	0.9084151654134256	
3706714	5134104	1	0.9191764382690166	
3706714	8046764	2	0.9209817939737764	
3706714	11430929	1	0.8837687864553028	
3706714	12736460	3	0.9379970215209712	
3736531	3736771	1	0.917374472756688	
3736531	3738379	3	0.9631243714381496	
3736531	3786948	1	0.9689970777149808	
3736531	3792345	1	0.957815864774772	
3736531	3857298	2	0.963390552543802	
3736531	4310416	2	0.8837019534382073	
3736536	3736684	1	0.9085523667107608	
3736536	3736769	8	0.9583935790374458	
3736536	3736771	1	0.9102003223578172	
3736536	3736781	1	0.9785356546625328	
3736536	3786935	2	0.9741217763764538	
3736538	3736769	3	0.9272107789995354	
3736538	3792345	1	0.969143128412058	
3736538	3822166	1	0.9797160243407708	
3736538	3857298	2	0.9732413629065826	
3736538	6199231	1	0.973828217939567	
3736684	3736769	4	0.927649254273225	
3736684	3736771	2	0.959318631358309	
3736684	3788908	1	0.9041990044041488	
3736684	3857298	1	0.9306212092563234	
3736684	4276213	1	0.9716585960013072	
3736684	7846056	1	0.9471321695760598	
3736684	8115920	3	0.9852035017049874	
3736769	3736771	3	0.906396016851781	
3736769	3738379	3	0.8793324775353016	
3736769	3760708	5	0.9481266658056337	
3736769	3857298	2	0.8801665769568544	
3736769	4097821	1	0.944906810455984	
3736769	4276213	1	0.9029705241426768	
3736769	7846056	2	0.9081133919843596	
3736769	8115920	3	0.9484850857277068	
3736771	3738379	1	0.8988326848249028	
3736771	3786948	2	0.9852232957434716	
3736771	3852054	2	0.9714243279370266	
3736771	3857298	1	0.931885661058392	
3736771	5558620	7	0.989976783832638	
3736771	5939153	1	0.9661097286408342	
3736771	7846056	1	0.9481037924151696	
3736779	8115920	1	0.9974718593872268	
3736781	3786935	4	0.9973816868557672	
3738379	3738387	1	0.9598393574297188	
3738379	3786935	1	0.9422885572139303	
3738379	3786948	7	0.9944533644723398	
3738379	3788908	6	0.9787126203750632	
3738379	3852054	3	0.9750421585160204	
3738379	3857298	4	0.977209420106356	
3738379	4276216	1	0.9797160243407708	
3738379	4310416	2	0.8581627796287482	
3738379	5939153	3	0.985084745762712	
3738387	3788908	1	0.9627373277340746	
3738387	3822166	1	0.9898063200815496	
3738387	3852054	1	0.9779459974965728	
3738387	3857298	1	0.9732413629065826	
3738387	4276216	1	0.9939911068381204	
3738387	4310416	1	0.9140566418642212	
3738387	5939153	1	0.9868279247994252	
3738387	11587673	1	0.9880182123172776	
3738699	4310416	9	0.9792633828719122	
3747127	4776179	1	0.9997589490177172	
3760708	3788908	3	0.9706925989161904	
3760708	3852054	1	0.948933296136961	
3760708	3857298	1	0.9382328461077932	
3760708	6199231	2	0.9845406294385888	
3760708	11587673	1	0.9720686991145184	
3786935	3788908	1	0.9464183591172374	
3786935	11587673	1	0.98267311943598	
3786948	3857298	1	0.9745622777918272	
3786948	5939153	1	0.9874824064923786	
3788908	3852054	4	0.9825916811984928	
3788908	3857298	3	0.9719222141339712	
3788908	4276216	1	0.9811934684617452	
3788908	4310416	2	0.8679031543099991	
3788908	5939153	3	0.9861738740086788	
3792345	4310416	1	0.8896956237009197	
3822166	5558620	1	0.977209420106356	
3852054	3857298	4	0.9875344860502288	
3852054	4276216	1	0.9889118643051934	
3852054	4310416	2	0.9202453543967768	
3852054	5939153	1	0.9757673186270132	
3857298	4276216	1	0.986530575593403	
3857298	5939153	1	0.9706048279343212	
4001024	4776179	2	0.9990361445783132	
4097774	4097775	1	0.9999397318065392	
4199789	5514818	2	0.9980431412099408	
4199789	14431223	1	0.9976522288775848	
4239619	5187703	2	0.9992619648303648	
4276213	7846056	3	0.9938712972420838	
4276213	8115920	1	0.9849264266060532	
4276216	4310416	1	0.9560847652450706	
4276216	5939153	1	0.9933922027993032	
4310416	5939153	1	0.905866812164374	
4424071	4674688	4	0.9788158649939996	
4424071	5561068	4	0.9405422395707695	
4435599	4674688	2	0.9035163196237022	
4435599	5263640	10	0.9602561376148956	
4435599	5600702	1	0.9965104386017688	
4435599	7203000	1	0.9035163196237022	
4435599	8046764	7	0.958913813459268	
4435599	11430929	3	0.9291901633625952	
4435599	12736460	6	0.9444889348985293	
4468095	5848276	1	0.9966906344956226	
4468095	7846056	1	0.9898063200815496	
4490529	15453609	1	0.9966305655836342	
4554933	9939589	1	0.9999095990718838	
4662760	5514818	1	0.9993974814725552	
4674688	5134104	2	0.9631146934851734	
4674688	5561068	6	0.9527849429672712	
4776179	6498264	1	0.9985545651650204	
4776179	11197568	1	0.9990361445783132	
4852655	5558620	1	0.9878693483893192	
5134104	8046764	1	0.8967705058588168	
5134104	11430929	1	0.9215657889022396	
5134104	12736460	1	0.8805927856960698	
5187703	5412812	1	0.9993673650755396	
5187703	5514818	1	0.9978927722086758	
5187703	9829798	2	0.9996836325014876	
5263640	5561068	9	0.9375381142063812	
5263640	7203000	1	0.9035163196237022	
5263640	7418168	11	0.9733480378641668	
5263640	8046764	5	0.9429481474542132	
5263640	11430929	4	0.9464183591172374	
5263640	12736460	3	0.8919761298414991	
5412812	5514818	1	0.999096358324046	
5514818	14431223	1	0.9981935328475944	
5558620	11587673	1	0.9732413629065826	
5561068	7203000	2	0.930003635041803	
5561068	7418168	6	0.9315576812072236	
5561068	11430929	3	0.9001918286712286	
5848276	7846056	4	0.9971863409643176	
6199231	11587673	1	0.9868279247994252	
6498264	11197568	1	0.9992770213278708	
7203000	8046764	1	0.9291901633625952	
7203000	12736460	1	0.9178731397196936	
7418168	8046764	3	0.9307616221562808	
7418168	12736460	4	0.9391531106419968	
7846056	8115920	1	0.9717171717171718	
8046764	11430929	2	0.9233199061060074	
8046764	12736460	4	0.9398474264168593	
11430929	12736460	2	0.9111079115974372	
157594	250400	3	0.6048232392436284	0.1372944632968742
16228	669861	1	0.77331267033613	0.1449085120027764
684843	2659274	10	0.6469099346129509	0.0675496053499906
232045	1598223	1	0.5953079178885631	0.2333457634382073
8729	40110	1	0.7608214053566454	0.1475868696498447
326376	343725	6	0.7124279693816118	0.0715274240651234
924338	3852054	1	0.7823850894979254	0.1405711151252753
650998	762948	1	0.8535440987543987	0.0827310895357081
426633	577753	10	0.637002249496823	0.0694497929619575
333403	444513	1	0.8212702899246718	0.1109086215657069
39388	74273	4	0.7009748799420774	0.0929773050742782
1267550	2950045	2	0.7974217311233885	
251799	684843	2	0.6458684654300169	
